Name,Registration Number,Mail Id,Mobile Number,Department,Position,Domain
,,,,,,
Yash Kumavat,24BSA10098,yash.24bsa@vitbhopal.ac.in,9867330059,Social Media,Lead,Cinematographer
Sujay Dhananjay Sonawane ,24BCE10501,sonawane.24bce10501@vitbhopal.ac.in,7414910116,Social Media,Co-Lead,Editor
Mohammed Rabbani,24MIM10023,Mohammed.24mim10023@vitbhopal.ac.in ,6302068012,Social Media,Core Member,Cinematographer
Shreya Saloni,24BAI10170,shrey.24bai10170@vitbhopal.ac.in,9777141539,Social Media,Core Member,Cinematographer
Sonal Yadav,24BAI10361,sonal.24bai10361@vitbhopal.ac.in,9993853174,Social Media,Core Member,Cinematographer
Dilisha Jain ,24BCY10056,dilisha.24bcy10056@vitbhopal.ac.in,7435052163,Social Media,Core Member,Cinematographer
Aaranya Rai,24BOE10016 ,aaranya.24boe10016@vitbhopal.ac.in,9430477803,Social Media,Core Member,cinematographer
Anshima,24BAI10360,ai10360@vitbhopal.ac.in,8707812755,Social Media,Core Member,Editor
Sangeeta Kumari,24BCY10167,sangeeta.24bcy10167@vitbhopal.ac.in,6262178148,Social Media,Core Member,Editor
Chiraag Kumar Rathor,24BCE10724 ,chiraag.24bce10724@vitbhopal.ac.in,7735511742,Social Media,Core Member,Editor
Ipsita Mohanty,24BCE10104,ipsita.24bce10104@vitbhopal.ac.in,9030024770,Social Media,Core Member,Editor
Yashaswi ,25BSA10097,yashaswi.25bsa10097@vitbhopal.ac.i,9560947171,Social Media,Core Member,Editor
Govind Mewada,25MIM10005,govind.25mim10005@vitbhopal.ac.in,9343147244,Social Media,Core Member,Editor
